p90_up,p95_up,p99_up,p90_down,p95_down,p99_down
303.16537,336.89258199999995,402.55605520000006,272.95647199999996,290.62193199999984,503.46674980000006
