p90_up,p95_up,p99_up,p90_down,p95_down,p99_down
342.75268800000015,452.51449440000005,548.8536302399993,326.7749384000001,452.4284168000001,614.1487633599995
