p90_up,p95_up,p99_up,p90_down,p95_down,p99_down
835.8439616000002,1251.8376528000006,1681.3523147199999,860.9974352000005,1176.2560640000004,2158.6406647999947
