p90_up,p95_up,p99_up,p90_down,p95_down,p99_down
971.5618440000001,1074.7789189999999,1558.499912,1201.3209339999999,1249.739278,1744.426214
