p90_up,p95_up,p99_up,p90_down,p95_down,p99_down
419.7900584,578.5071095999996,934.4884542399998,612.4378032000002,842.0906703999998,1143.93614288
