p90_up,p95_up,p99_up,p90_down,p95_down,p99_down
295.631042,351.2049099999999,479.58631599999944,415.61805400000037,534.104836,687.3231587999994
