p90_up,p95_up,p99_up,p90_down,p95_down,p99_down
211.12280600000003,229.9273055,309.08389239999997,213.81049000000004,331.56532899999974,448.0634840999999
