p90_up,p95_up,p99_up,p90_down,p95_down,p99_down
575.873522,677.5133319999999,732.4905556,581.699892,622.097776,929.6573315999985
