p90_up,p95_up,p99_up,p90_down,p95_down,p99_down
434.95010560000003,569.5430143999996,946.5189771199999,630.4352128000002,859.0906503999998,1186.04998736
