p90_up,p95_up,p99_up,p90_down,p95_down,p99_down
140.71501400000002,308.1820679999994,499.06794959999957,129.90100400000003,191.9946959999998,262.9481711999998
