p90_up,p95_up,p99_up,p90_down,p95_down,p99_down
312.77712,344.52086399999996,463.1918831999994,339.24782999999996,377.09146999999996,447.80573959999964
