p90_up,p95_up,p99_up,p90_down,p95_down,p99_down
229.86041600000001,277.9694319999999,300.9528716,268.963248,336.21065199999987,529.3943997999999
