p90_up,p95_up,p99_up,p90_down,p95_down,p99_down
624.3946356,702.8521989999997,932.9204972800002,602.1597264,900.7663381999995,1266.5846458400033
