p90_up,p95_up,p99_up,p90_down,p95_down,p99_down
983.9992600000011,1075.1915987999998,1559.2290412800005,1203.5534032,1252.8984679999999,1759.4450078400077
