p90_up,p95_up,p99_up,p90_down,p95_down,p99_down
299.78983299999993,313.142314,351.5539854000001,251.573193,270.815639,415.6710201000001
