Cross Type,Total VWAP Touches,Avg Extension (ticks),Max Extension (ticks),Avg. Performance (ticks),Max Performance (ticks)
Up Cross,588,28.642857142857142,129.51999999999998,28.642857142857142,129.51999999999998
Down Cross,572,32.92657342657343,193.76999999999953,32.92657342657343,193.76999999999953
