p90_up,p95_up,p99_up,p90_down,p95_down,p99_down
295.191718,357.258648,493.34632399999913,433.40183800000005,551.4939460000002,699.0977531999993
