p90_up,p95_up,p99_up,p90_down,p95_down,p99_down
357.40478240000016,543.0179799999999,848.553754559999,452.37844400000034,496.7876488,643.0780318399997
