p90_up,p95_up,p99_up,p90_down,p95_down,p99_down
512.2002435999999,647.1345393999997,988.9405539600031,617.9119847999999,702.9043737999997,1191.272262000002
