p90_up,p95_up,p99_up,p90_down,p95_down,p99_down
694.1588620000001,765.9597524,1207.9082685199999,739.6406244,945.7697578,1116.1786374799997
