p90_up,p95_up,p99_up,p90_down,p95_down,p99_down
235.06827800000013,268.71581749999996,332.1469317,252.11893900000004,327.6727534999999,448.6178877
